web-scraper-order,web-scraper-start-url,menu,menu-href,product,product-href,name,brandname,description,logo-src,offer-detail
"1594278905-323","https://www.holidayhk.com/en-hk/","Staycations
                    Staycations","https://www.holidayhk.com/en-hk/staycation/","Warwick HotelSeaside Escape Staycation Package","https://www.holidayhk.com/en-hk/staycation/staycation0182/","Warwick Hotel","","","",""
"1594278894-308","https://www.holidayhk.com/en-hk/","Attractions
                    Attractions","https://www.holidayhk.com/en-hk/attractions/","Dukling50% OFF50% Discount on Dukling Sailing Night Tour","https://www.holidayhk.com/en-hk/attractions/attraction0018/","","","","","•  Offer is valid from 15 June to 30 September 2020
•  Hong Kong residents are eligible for this offer
•  For enquiries, please contact Dukling at reservation@dukling.com.hk or +852 3759 7070"
"1594278915-348","https://www.holidayhk.com/en-hk/","Staycations
                    Staycations","https://www.holidayhk.com/en-hk/staycation/","The Kowloon HotelDouble Value Package - pay one price to get room & same value of F&B credit up to HK$1,800","https://www.holidayhk.com/en-hk/staycation/staycation0047/","The Kowloon Hotel","","","",""
"1594278826-182","https://www.holidayhk.com/en-hk/","Tours
                    Tours","https://www.holidayhk.com/en-hk/tours/","Walk Hong KongWildlife Nightwalk - Lung Fu Shan","https://www.holidayhk.com/en-hk/tours/tours004/","Walk Hong Kong","","","",""
"1594278854-241","https://www.holidayhk.com/en-hk/","Dining
                    Dining","https://www.holidayhk.com/en-hk/food-and-drink/","Dining Discount Bonanza","https://www.holidayhk.com/en-hk/food-and-drink/diningdiscount/","","","July: 30% off
August: 20% off","",""
"1594278872-263","https://www.holidayhk.com/en-hk/","Shopping
                    Shopping","https://www.holidayhk.com/en-hk/shops/","Sa Sa Cosmetic Company LimitedSUPER OFFERPromotion price of HK$54 for Sasatinnie Black Pearl Caviar Nourishing Black Mask/Swallow’s Nest Camellia Rejuvenating Black Mask 1pcsQuality Tourism Services  Scheme Shops","https://www.holidayhk.com/en-hk/shops/shop1017/","Sa Sa Cosmetic Company Limited","","","",""
"1594278824-181","https://www.holidayhk.com/en-hk/","Tours
                    Tours","https://www.holidayhk.com/en-hk/tours/","KKDayPearl DIY Accessory Workshop (Family Package)","https://www.holidayhk.com/en-hk/tours/tours015/","","","","","•	 Offer is valid from 15 June to 30 September 2020 
• Offer is valid within two months upon purchase
•	 Hong Kong residents are eligible to this offer
•	 Package includes entry fee, round-trip boat fee, Pearl Story workshop, 1 piece of pearl and 1 piece of accessory for 1 parent and 1 kid of 5 to 9 years old
•	 For enquiries, please contact +852 3008 1724"
"1594278850-235","https://www.holidayhk.com/en-hk/","Dining
                    Dining","https://www.holidayhk.com/en-hk/food-and-drink/","Bo InnovationPromotion price of HK$1500 (plus 10% service charge) for designated set menuQuality Tourism Services Scheme Restaurants","https://www.holidayhk.com/en-hk/food-and-drink/food1140/","","","","/media/offer/Dine_1140_logo.png",""
"1594278872-266","https://www.holidayhk.com/en-hk/","Shopping
                    Shopping","https://www.holidayhk.com/en-hk/shops/","Sa Sa Cosmetic Company LimitedSUPER OFFERPromotion price of HK$54 for Sasatinnie Black Pearl Caviar Nourishing Black Mask/Swallow’s Nest Camellia Rejuvenating Black Mask 1pcsQuality Tourism Services  Scheme Shops","https://www.holidayhk.com/en-hk/shops/shop1017/","","","","/media/offer/EN_Shop_1017_logo.png",""
"1594278817-165","https://www.holidayhk.com/en-hk/","Tours
                    Tours","https://www.holidayhk.com/en-hk/tours/","Hong Thai Travel Services LimitedYuen Long Tai Tong Organic EcoPark Tour","https://www.holidayhk.com/en-hk/tours/tours014/","","","","/media/offer/HongThai_EN_Tour_Offer_1_logo.png",""
"1594278815-158","https://www.holidayhk.com/en-hk/","Tours
                    Tours","https://www.holidayhk.com/en-hk/tours/","Ho Ho Go Experience Limited40% OFFKaifong Special: The Hidden Treasures of Central and Sheung Wan (aka Let's Go Shopping)","https://www.holidayhk.com/en-hk/tours/tours018/","","Kaifong Special: The Hidden Treasures of Central and Sheung Wan (aka Let's Go Shopping)","","",""
"1594278898-315","https://www.holidayhk.com/en-hk/","Attractions
                    Attractions","https://www.holidayhk.com/en-hk/attractions/","KKDayOver 30% Discount on The Peak - Explorer Pass","https://www.holidayhk.com/en-hk/attractions/attraction0014/","","Over 30% Discount on The Peak - Explorer Pass","","",""
"1594278832-200","https://www.holidayhk.com/en-hk/","Tours
                    Tours","https://www.holidayhk.com/en-hk/tours/","Grand Holiday (International) LimitedLau Shui Heung Reservoir, Farm Visiting & Noodles Culture Centre 1-Day Tour","https://www.holidayhk.com/en-hk/tours/tours006/","","","","/media/offer/GrandHoliday_EN_Tour_Offer_1_logo.png",""
"1594278834-205","https://www.holidayhk.com/en-hk/","Tours
                    Tours","https://www.holidayhk.com/en-hk/tours/","Walk Hong KongWildlife Nightwalk - Tai Po Kau","https://www.holidayhk.com/en-hk/tours/tours005/","","","","/media/offer/WalkHongKong_EN_Tour_Offer_2_logo.png",""
"1594278858-244","https://www.holidayhk.com/en-hk/","Dining
                    Dining","https://www.holidayhk.com/en-hk/food-and-drink/","Jardin de JadeAround 34% discount on Hello Hong Kong Holiday@Home Menu (for 4 persons)Quality Tourism Services Scheme Restaurants","https://www.holidayhk.com/en-hk/food-and-drink/food0049/","","Around 34% discount on Hello Hong Kong Holiday@Home Menu (for 4 persons)","","",""
"1594278815-161","https://www.holidayhk.com/en-hk/","Tours
                    Tours","https://www.holidayhk.com/en-hk/tours/","Ho Ho Go Experience Limited40% OFFKaifong Special: The Hidden Treasures of Central and Sheung Wan (aka Let's Go Shopping)","https://www.holidayhk.com/en-hk/tours/tours018/","","","","","• Offer is valid from now until 30 September 2020
• Hong Kong residents are eligible to this offer
• Travel Date: Every Saturday and Sunday
• Tour discounted price is HK$230 per person
• Buy one at original price HK$380 get one free
• All Ho Ho Go Kaifong Special tours require minimal number of participants.  If the participants join this tour due to their selected tours do not meet minimal number of participants, a further 5% discount will be offered.
• For enquiries, please contact at Phone: 3583 1184 or Email: info@hohogo.com.hk"
"1594278909-333","https://www.holidayhk.com/en-hk/","Staycations
                    Staycations","https://www.holidayhk.com/en-hk/staycation/","The Upper House#WellnessOnTheRoad","https://www.holidayhk.com/en-hk/staycation/staycation0091/","The Upper House","","","",""
"1594278901-319","https://www.holidayhk.com/en-hk/","Attractions
                    Attractions","https://www.holidayhk.com/en-hk/attractions/","Monopoly Dreams Hong Kong16% Discount on Admission, Monopoly Dreams Special Edition & Monopoly Tutorial","https://www.holidayhk.com/en-hk/attractions/attraction0025/","Monopoly Dreams Hong Kong","","","",""
"1594278907-330","https://www.holidayhk.com/en-hk/","Staycations
                    Staycations","https://www.holidayhk.com/en-hk/staycation/","Hong Kong Ocean Park Marriott HotelHome Kong – Ocean Park Amazing Moment Room Package","https://www.holidayhk.com/en-hk/staycation/staycation0077/","","","HK$1,000 dining voucher at Hotel and Ocean Park's restaurants. Breakfast Buffet and Ocean Park Admission Ticket for 2 Adults and 1 Child","",""
"1594278865-258","https://www.holidayhk.com/en-hk/","Dining
                    Dining","https://www.holidayhk.com/en-hk/food-and-drink/","McCaféPromotion price of HK$15 for Latte (S)Quality Tourism Services Scheme Restaurants","https://www.holidayhk.com/en-hk/food-and-drink/food1161/","","","","/media/offer/Dine_1161_logo.png",""
"1594278852-236","https://www.holidayhk.com/en-hk/","Dining
                    Dining","https://www.holidayhk.com/en-hk/food-and-drink/","LHGroup & Kabushikigaisha LimitedHK$50 cash coupon upon dine-in purchase at every HK$200","https://www.holidayhk.com/en-hk/food-and-drink/food1006/","LHGroup & Kabushikigaisha Limited","","","",""
"1594278919-361","https://www.holidayhk.com/en-hk/","Staycations
                    Staycations","https://www.holidayhk.com/en-hk/staycation/","Hotel ICONAbove & Beyond Club Getaway","https://www.holidayhk.com/en-hk/staycation/staycation0106/","","","","/media/offer/HotelIcon_HK_Hotel_Offer_1_logo.png",""
"1594278882-283","https://www.holidayhk.com/en-hk/","Shopping
                    Shopping","https://www.holidayhk.com/en-hk/shops/","ZWILLINGSUPER OFFERSpecial price of HK$229 for ZWILLING TWIN® Point Silver Santoku Knife Set","https://www.holidayhk.com/en-hk/shops/shop1021/","","Special price of HK$229 for ZWILLING TWIN® Point Silver Santoku Knife Set","","",""
"1594278840-217","https://www.holidayhk.com/en-hk/","Tours
                    Tours","https://www.holidayhk.com/en-hk/tours/","KKDayTung Lung Island Zip Line Experience in Hong Kong","https://www.holidayhk.com/en-hk/tours/tours016/","KKDay","","","",""
"1594278817-164","https://www.holidayhk.com/en-hk/","Tours
                    Tours","https://www.holidayhk.com/en-hk/tours/","Hong Thai Travel Services LimitedYuen Long Tai Tong Organic EcoPark Tour","https://www.holidayhk.com/en-hk/tours/tours014/","","","• Visit Tai Lam Chung Reservoir (Thousand Islands)
• Enjoy 3-hour BBQ at Tai Tong Organic EcoPark","",""
"1594278826-184","https://www.holidayhk.com/en-hk/","Tours
                    Tours","https://www.holidayhk.com/en-hk/tours/","Walk Hong KongWildlife Nightwalk - Lung Fu Shan","https://www.holidayhk.com/en-hk/tours/tours004/","","","• Nightwalk along Pik Shan Path - Lung Fu Shan
• Discover Hong Kong's forest wildlife at night with expert","",""
"1594278894-306","https://www.holidayhk.com/en-hk/","Attractions
                    Attractions","https://www.holidayhk.com/en-hk/attractions/","Dukling50% OFF50% Discount on Dukling Sailing Night Tour","https://www.holidayhk.com/en-hk/attractions/attraction0018/","","50% Discount on Dukling Sailing Night Tour","","",""
"1594278865-256","https://www.holidayhk.com/en-hk/","Dining
                    Dining","https://www.holidayhk.com/en-hk/food-and-drink/","McCaféPromotion price of HK$15 for Latte (S)Quality Tourism Services Scheme Restaurants","https://www.holidayhk.com/en-hk/food-and-drink/food1161/","","Promotion price of HK$15 for Latte (S)","","",""
"1594278819-167","https://www.holidayhk.com/en-hk/","Tours
                    Tours","https://www.holidayhk.com/en-hk/tours/","Ferry Nostalgia Travel LimitedTung Lung Island Travel Voucher","https://www.holidayhk.com/en-hk/tours/tours007/","Ferry Nostalgia Travel Limited","","","",""
"1594278838-216","https://www.holidayhk.com/en-hk/","Tours
                    Tours","https://www.holidayhk.com/en-hk/tours/","Watertours of Hong Kong LimitedBUY 1 GET 1 FREEHarbour Cruise Tour (Nighttime)","https://www.holidayhk.com/en-hk/tours/tours010/","","","","","• Offer is valid from 15 June to 30 September 2020
• Hong Kong residents are eligible to this offer
• Discounted Price: HK$80 (buy-1-get-1-free)
• For enquiries, please contact watertours@wingontravel.com or +852 2926 3868"
"1594278858-243","https://www.holidayhk.com/en-hk/","Dining
                    Dining","https://www.holidayhk.com/en-hk/food-and-drink/","Jardin de JadeAround 34% discount on Hello Hong Kong Holiday@Home Menu (for 4 persons)Quality Tourism Services Scheme Restaurants","https://www.holidayhk.com/en-hk/food-and-drink/food0049/","Jardin de Jade","","","",""
"1594278842-226","https://www.holidayhk.com/en-hk/","Tours
                    Tours","https://www.holidayhk.com/en-hk/tours/","Hong Kong Food Tours Limited25% OFFSham Shui Po Foodie Tour","https://www.holidayhk.com/en-hk/tours/tours008/","","","","","• Offer is valid from 15 June to 30 September 2020
• Hong Kong residents are eligible to this offer
• 25% discount on Sham Shui Po Foodie Tour
• Other Benefits:
    - Upgrade from join-in tour to private tour starting from HK$2,999 with a minimum of 4 participants. Email tickets@hongkongfoodietours.com to book a private tour
•  For enquiries, please contact tickets@hongkongfoodietours.com or +852 2850 5006."
"1594278819-168","https://www.holidayhk.com/en-hk/","Tours
                    Tours","https://www.holidayhk.com/en-hk/tours/","Ferry Nostalgia Travel LimitedTung Lung Island Travel Voucher","https://www.holidayhk.com/en-hk/tours/tours007/","","Tung Lung Island Travel Voucher","","",""
"1594278840-219","https://www.holidayhk.com/en-hk/","Tours
                    Tours","https://www.holidayhk.com/en-hk/tours/","KKDayTung Lung Island Zip Line Experience in Hong Kong","https://www.holidayhk.com/en-hk/tours/tours016/","","","Return to the primordial nature and zip through the jungle like a man in the wild. Embark on a special adventure combining beautiful nature and extreme sports. Get outfitted in top quality gears and embrace this once-in-a-lifetime adventure under the lead of professional guides","",""
"1594278882-284","https://www.holidayhk.com/en-hk/","Shopping
                    Shopping","https://www.holidayhk.com/en-hk/shops/","ZWILLINGSUPER OFFERSpecial price of HK$229 for ZWILLING TWIN® Point Silver Santoku Knife Set","https://www.holidayhk.com/en-hk/shops/shop1021/","","","Original price: HK$749","",""
"1594278844-227","https://www.holidayhk.com/en-hk/","Tours
                    Tours","https://www.holidayhk.com/en-hk/tours/","Ho Ho Go Experience Limited40% OFFKaifong Special: Cultural Playground (aka Bloggers Playground)","https://www.holidayhk.com/en-hk/tours/tours012/","Ho Ho Go Experience Limited","","","",""
"1594278911-339","https://www.holidayhk.com/en-hk/","Staycations
                    Staycations","https://www.holidayhk.com/en-hk/staycation/","Lan Kwai Fong Hotel @ Kau U FongWELLNESSFitness Retreat - With Personal Training","https://www.holidayhk.com/en-hk/staycation/staycation0031/","","Fitness Retreat - With Personal Training","","",""
"1594278844-229","https://www.holidayhk.com/en-hk/","Tours
                    Tours","https://www.holidayhk.com/en-hk/tours/","Ho Ho Go Experience Limited40% OFFKaifong Special: Cultural Playground (aka Bloggers Playground)","https://www.holidayhk.com/en-hk/tours/tours012/","","","• Discover the unknown side of Yau Ma Tei
• Follow the footsteps of the indigenous cultural fans to explore the movie library at Broadway Circuit, Chinese bridal gown shop or kitchen utensil shops at Shanghai Street
• Experience the unique cultural life in the bustling city
• Complimentary instant photo to mark the good memories","",""
"1594278821-175","https://www.holidayhk.com/en-hk/","Tours
                    Tours","https://www.holidayhk.com/en-hk/tours/","Watertours of Hong Kong LimitedBUY 1 GET 1 FREEHarbour Cruise Tour (Daytime)","https://www.holidayhk.com/en-hk/tours/tours009/","","","","/media/offer/Watertours_EN_Tour_Offer_1_logo.png",""
"1594278911-341","https://www.holidayhk.com/en-hk/","Staycations
                    Staycations","https://www.holidayhk.com/en-hk/staycation/","Lan Kwai Fong Hotel @ Kau U FongWELLNESSFitness Retreat - With Personal Training","https://www.holidayhk.com/en-hk/staycation/staycation0031/","","","","/media/offer/LKFHotel_HK_Hotel_Offer_1_logo.PNG",""
"1594278842-225","https://www.holidayhk.com/en-hk/","Tours
                    Tours","https://www.holidayhk.com/en-hk/tours/","Hong Kong Food Tours Limited25% OFFSham Shui Po Foodie Tour","https://www.holidayhk.com/en-hk/tours/tours008/","","","","/media/offer/HKFoodie_EN_Tour_Offer_1_logo.png",""
"1594278917-356","https://www.holidayhk.com/en-hk/","Staycations
                    Staycations","https://www.holidayhk.com/en-hk/staycation/","Hong Kong Disneyland ResortLantau Explorer Package HK$2,088","https://www.holidayhk.com/en-hk/staycation/staycation0154/","","","","/media/offer/LaDA_HK_Hotel_Offer_1_logo.png",""
"1594278830-192","https://www.holidayhk.com/en-hk/","Tours
                    Tours","https://www.holidayhk.com/en-hk/tours/","Eco Travel LimitedEcoJet．Hexagonal Geopark Tour","https://www.holidayhk.com/en-hk/tours/tours001/","Eco Travel Limited","","","",""
"1594278817-166","https://www.holidayhk.com/en-hk/","Tours
                    Tours","https://www.holidayhk.com/en-hk/tours/","Hong Thai Travel Services LimitedYuen Long Tai Tong Organic EcoPark Tour","https://www.holidayhk.com/en-hk/tours/tours014/","","","","","• Offer is valid from 15 June to 30 September 2020
• Hong Kong residents are eligible to this offer
• This offer is valid for online booking only
• Advanced online booking is required
• HK$30 discount for child joining with 1 paying adult (available for online booking only)
• Travel Date: Every Wednesday, Saturday, Sunday and Public Holiday
• This tour will be conducted in Cantonese
• For enquiries, please contact +852 2108 8888 or +852 6588 2541 (WhatsApp)"
"1594278886-286","https://www.holidayhk.com/en-hk/","Attractions
                    Attractions","https://www.holidayhk.com/en-hk/attractions/","Ocean Park Hong KongAdult ticket at HK$350. Kid & elderly go Free.","https://www.holidayhk.com/en-hk/attractions/attraction0021/","Ocean Park Hong Kong","","","",""
"1594278907-332","https://www.holidayhk.com/en-hk/","Staycations
                    Staycations","https://www.holidayhk.com/en-hk/staycation/","Hong Kong Ocean Park Marriott HotelHome Kong – Ocean Park Amazing Moment Room Package","https://www.holidayhk.com/en-hk/staycation/staycation0077/","","","","","• Offer is valid from now until 30 September 2020
• Hong Kong residents are eligible for this offer
• Offer includes:
- One night accommodation in Deluxe Room 
- Buffet Breakfast for 2 Adults and 1 Child (Age 3 - 11)
- Dining voucher of HK$1,000 applicable to designated restaurants at Hong Kong Ocean Park Marriott Hotel and Ocean Park 
- Ocean Park admission ticket for 2 Adults and 1 Child
- Check in time : 3pm; Check out time : 11am
•  For enquiries, please contact mhrs.hkgop.reservation.office@marriott-service.com or +852 3008 8908"
"1594278830-193","https://www.holidayhk.com/en-hk/","Tours
                    Tours","https://www.holidayhk.com/en-hk/tours/","Eco Travel LimitedEcoJet．Hexagonal Geopark Tour","https://www.holidayhk.com/en-hk/tours/tours001/","","EcoJet．Hexagonal Geopark Tour","","",""
"1594278915-350","https://www.holidayhk.com/en-hk/","Staycations
                    Staycations","https://www.holidayhk.com/en-hk/staycation/","The Kowloon HotelDouble Value Package - pay one price to get room & same value of F&B credit up to HK$1,800","https://www.holidayhk.com/en-hk/staycation/staycation0047/","","","Plan a relaxing getaway and receive dining cash credit during your stay! Double value, double happiness!​

Superior Room 
Room Rate: HK$900 | F&B Cash Credit: HK$900
Side Harbour View Room 
Room Rate: HK$1,100 F&B Cash Credit: HK$1,100
Executive Side Harbour View Suite 
Room Rate: HK$1,600 F&B Cash Credit: HK$1,600","",""
"1594278882-285","https://www.holidayhk.com/en-hk/","Shopping
                    Shopping","https://www.holidayhk.com/en-hk/shops/","ZWILLINGSUPER OFFERSpecial price of HK$229 for ZWILLING TWIN® Point Silver Santoku Knife Set","https://www.holidayhk.com/en-hk/shops/shop1021/","","","","/media/offer/EN_Shop_1021_logo.png",""
"1594278901-322","https://www.holidayhk.com/en-hk/","Attractions
                    Attractions","https://www.holidayhk.com/en-hk/attractions/","Monopoly Dreams Hong Kong16% Discount on Admission, Monopoly Dreams Special Edition & Monopoly Tutorial","https://www.holidayhk.com/en-hk/attractions/attraction0025/","","","","","• Offer is valid from 15 June to 31 July 2020
•  Hong Kong residents are eligible to this offer 
•  Package inlcudes 1 Monopoly Dreams admission ticket, 1 Monopoly Dreams Hong Kong Special Edition (Travel Set) and 1 Monopoly Tutorial admission
•  For enquiries, please contact Monopoly Dreams at +852 5632 9329"
"1594278892-300","https://www.holidayhk.com/en-hk/","Attractions
                    Attractions","https://www.holidayhk.com/en-hk/attractions/","Ngong Ping 36050% OFF50% Disount on Weekday Round Trip Cable Car Ticket","https://www.holidayhk.com/en-hk/attractions/attraction0016/","Ngong Ping 360","","","",""
"1594278830-196","https://www.holidayhk.com/en-hk/","Tours
                    Tours","https://www.holidayhk.com/en-hk/tours/","Eco Travel LimitedEcoJet．Hexagonal Geopark Tour","https://www.holidayhk.com/en-hk/tours/tours001/","","","","","• Offer is valid from 15 June to 30 September 2020
• Hong Kong residents are eligible to this offer
• 5% discount on EcoJet．Hexagonal Geopark Tour
• Departure Date: 
    - Every Sunday: 10:30-12:30 / 14:00-16:00 
• Fees included: 
    -  Guiding service of Geopark Guides / Certified EcoGuide
    - Life jacket on board
    - HK$100,000 accident insurance and HK$1,000 medical insurance
•  Cantonese-speaking guide service throughout the tour
•  For enquiries, please contact enquiry@ecotravel.hk or +852 3105 0767"
"1594278828-189","https://www.holidayhk.com/en-hk/","Tours
                    Tours","https://www.holidayhk.com/en-hk/tours/","Jebsen Holidays LimitedYuen Long Pineapple Farm Tour - Hong Kong Residents Privilege","https://www.holidayhk.com/en-hk/tours/tours003/","","","• Explore the local organic farm in Yuen Long and feed the alpacas 
• Treasure Hunt at Lau Fau Shan and Ping Shan to explore the history and culture of Yuen Long
• Visit Lau Fau Shan to learn the process of dried oyster proudction
• Hand sanitizer would be provided in the coach","",""
"1594278880-281","https://www.holidayhk.com/en-hk/","Shopping
                    Shopping","https://www.holidayhk.com/en-hk/shops/","Conte de cookieCASH REBATEEnjoy HK$100 cash rebate upon spending HK$400 or more on any regular-priced item in single transactionQuality Tourism Services  Scheme Shops","https://www.holidayhk.com/en-hk/shops/shop1114/","","","","/media/offer/Shop_1114_logo.jpg",""
"1594278913-346","https://www.holidayhk.com/en-hk/","Staycations
                    Staycations","https://www.holidayhk.com/en-hk/staycation/","The Langham Hong KongLIMITED OFFERLangham Staycation Room Package","https://www.holidayhk.com/en-hk/staycation/staycation0187/","","","","/media/offer/TheLangham_HK_Hotel_Offer_1_logo.png",""
"1594278880-280","https://www.holidayhk.com/en-hk/","Shopping
                    Shopping","https://www.holidayhk.com/en-hk/shops/","Conte de cookieCASH REBATEEnjoy HK$100 cash rebate upon spending HK$400 or more on any regular-priced item in single transactionQuality Tourism Services  Scheme Shops","https://www.holidayhk.com/en-hk/shops/shop1114/","","Enjoy HK$100 cash rebate upon spending HK$400 or more on any regular-priced item in single transaction","","",""
"1594278821-172","https://www.holidayhk.com/en-hk/","Tours
                    Tours","https://www.holidayhk.com/en-hk/tours/","Watertours of Hong Kong LimitedBUY 1 GET 1 FREEHarbour Cruise Tour (Daytime)","https://www.holidayhk.com/en-hk/tours/tours009/","Watertours of Hong Kong Limited","","","",""
"1594278913-344","https://www.holidayhk.com/en-hk/","Staycations
                    Staycations","https://www.holidayhk.com/en-hk/staycation/","The Langham Hong KongLIMITED OFFERLangham Staycation Room Package","https://www.holidayhk.com/en-hk/staycation/staycation0187/","","Langham Staycation Room Package","","",""
"1594278896-313","https://www.holidayhk.com/en-hk/","Attractions
                    Attractions","https://www.holidayhk.com/en-hk/attractions/","sky100 Hong Kong Observation DeckCafé 100 Twilight Dinner Package at HK$399 (19% Discount)","https://www.holidayhk.com/en-hk/attractions/attraction0004/","","","","","•  Offer is valid from 15 June to 30 September 2020
•  Hong Kong residents are eligible for this offer
•  For enquiries, please contact sky100 Hong Kong Observation Deck at info@sky100.com.hk or +852 2613 3888"
"1594278907-328","https://www.holidayhk.com/en-hk/","Staycations
                    Staycations","https://www.holidayhk.com/en-hk/staycation/","Hong Kong Ocean Park Marriott HotelHome Kong – Ocean Park Amazing Moment Room Package","https://www.holidayhk.com/en-hk/staycation/staycation0077/","Hong Kong Ocean Park Marriott Hotel","","","",""
"1594278865-255","https://www.holidayhk.com/en-hk/","Dining
                    Dining","https://www.holidayhk.com/en-hk/food-and-drink/","McCaféPromotion price of HK$15 for Latte (S)Quality Tourism Services Scheme Restaurants","https://www.holidayhk.com/en-hk/food-and-drink/food1161/","McCafé","","","",""
"1594278836-207","https://www.holidayhk.com/en-hk/","Tours
                    Tours","https://www.holidayhk.com/en-hk/tours/","Walk in Hong Kong LtdIsland Architecture Walk","https://www.holidayhk.com/en-hk/tours/tours011/","Walk in Hong Kong Ltd","","","",""
"1594278826-183","https://www.holidayhk.com/en-hk/","Tours
                    Tours","https://www.holidayhk.com/en-hk/tours/","Walk Hong KongWildlife Nightwalk - Lung Fu Shan","https://www.holidayhk.com/en-hk/tours/tours004/","","Wildlife Nightwalk - Lung Fu Shan","","",""
"1594278817-163","https://www.holidayhk.com/en-hk/","Tours
                    Tours","https://www.holidayhk.com/en-hk/tours/","Hong Thai Travel Services LimitedYuen Long Tai Tong Organic EcoPark Tour","https://www.holidayhk.com/en-hk/tours/tours014/","","Yuen Long Tai Tong Organic EcoPark Tour","","",""
"1594278888-294","https://www.holidayhk.com/en-hk/","Attractions
                    Attractions","https://www.holidayhk.com/en-hk/attractions/","Hong Kong Maritime MuseumBUY 1 GET 1 FREEBuy One, Get One Free on Admission Ticket","https://www.holidayhk.com/en-hk/attractions/attraction0017/","","","","","•  Offer is valid from 15 June to 30 September 2020
•  	Hong Kong residents are eligible for this offer
•  For enquiries, please contact by email info@hkmaritimemuseum.org or phone at +852 3713 2500"
"1594278819-171","https://www.holidayhk.com/en-hk/","Tours
                    Tours","https://www.holidayhk.com/en-hk/tours/","Ferry Nostalgia Travel LimitedTung Lung Island Travel Voucher","https://www.holidayhk.com/en-hk/tours/tours007/","","","","","• Offer is valid from 15 June to 30 September 2020
• Hong Kong residents are eligible to this offer
• 10% discount on Tung Lung Island Travel Voucher
• Other Benefits:
    - Upgrade from join-in tour to private tour at HK$515 per person with a minimum of 4 guests. Participants can take the Sam Ka Tsuen to Sai Wan Ho round-trip route free of charge on the day.
    - 'Friends Referral' or 'Repeating Guests' joining the tours within 30 days from previous tour can take Sai Wan Ho to Sam Ka Tsuen ferry route for free on the day
    - 'Friends Referral' or 'Repeating Guests' joining Boat House within 30 days can enjoy 70% discount (original price: HK$3,500/per night, 4 rooms, maximum 10 persons)
•  For enquiries, please contact info@coralseaferryservice.com.hk or +852 2368 8885"
"1594278836-210","https://www.holidayhk.com/en-hk/","Tours
                    Tours","https://www.holidayhk.com/en-hk/tours/","Walk in Hong Kong LtdIsland Architecture Walk","https://www.holidayhk.com/en-hk/tours/tours011/","","","","/media/offer/WalkinHK_EN_Tour_Offer_1_logo.png",""
"1594278815-159","https://www.holidayhk.com/en-hk/","Tours
                    Tours","https://www.holidayhk.com/en-hk/tours/","Ho Ho Go Experience Limited40% OFFKaifong Special: The Hidden Treasures of Central and Sheung Wan (aka Let's Go Shopping)","https://www.holidayhk.com/en-hk/tours/tours018/","","","• Treasure hunt at mom-and-pop stores and traditional roadside groceries stores
• Hear stories about Dr Sun Yat-sen along the historical trail
• Wander through renovated heritage buildings to discover the city’s art and culture
• Visit special stores featuring antiques, curios, homewares, niche parfume","",""
"1594278886-290","https://www.holidayhk.com/en-hk/","Attractions
                    Attractions","https://www.holidayhk.com/en-hk/attractions/","Ocean Park Hong KongAdult ticket at HK$350. Kid & elderly go Free.","https://www.holidayhk.com/en-hk/attractions/attraction0021/","","","","","• Offer is valid from 15 June to 31 July 2020
• Hong Kong residents are eligible for this offer
• Hong Kong residents can purchase adult admission ticket at special price of HK$350 and enjoy in-park designated F&B and retail cash vouchers for a total value of HK$350
• Hong Kong residents aged 3-11 can redeem complimentary on-day child tickets and “Buy HK$50 Get HK$50 Free” skill game coupon (1pcs)
• Hong Kong residents aged 65 or above can redeem complimentary on-day tickets, enjoy 30% off for designated in-park spending, one-time priority access to Cable Car and “Buy HK$50 Get HK$50 Free” skill game coupon (1pcs)
• For enquiries, please contact +852 3923 2323"
"1594278844-231","https://www.holidayhk.com/en-hk/","Tours
                    Tours","https://www.holidayhk.com/en-hk/tours/","Ho Ho Go Experience Limited40% OFFKaifong Special: Cultural Playground (aka Bloggers Playground)","https://www.holidayhk.com/en-hk/tours/tours012/","","","","","• Offer is valid from 15 June to 30 September 2020
• Hong Kong residents are eligible to this offer
• Travel Date: Every Saturday and Sunday
• Tour discounted price is HK$230 per person
• Buy one at original price HK$380 get one free
• All Ho Ho Go Kaifong Special tours require minimal number of participants.  If the participants join this tour due to their selected tours do not meet minimal number of participants, a further 5% discount will be offered.
• For enquiries, please contact info@hohogo.com.hk or +852 3583 1184"
"1594278860-250","https://www.holidayhk.com/en-hk/","Dining
                    Dining","https://www.holidayhk.com/en-hk/food-and-drink/","Ta-keBUY 1 GET 1 FREEBuy one, get one free Premium Seasonal Kaiseki MenuQuality Tourism Services Scheme Restaurants","https://www.holidayhk.com/en-hk/food-and-drink/food0027/","","","","/media/offer/EN_Dine_27_logo2.png",""
"1594278863-254","https://www.holidayhk.com/en-hk/","Dining
                    Dining","https://www.holidayhk.com/en-hk/food-and-drink/","Ser Wong FunBUY 1 GET 1 FREEBuy one, get one free Signature Dishes & Stew Set (for 2 persons)Quality Tourism Services Scheme Restaurants","https://www.holidayhk.com/en-hk/food-and-drink/food0051/","","","","/media/offer/EN_Dine_51_logo.jpg",""
"1594278844-228","https://www.holidayhk.com/en-hk/","Tours
                    Tours","https://www.holidayhk.com/en-hk/tours/","Ho Ho Go Experience Limited40% OFFKaifong Special: Cultural Playground (aka Bloggers Playground)","https://www.holidayhk.com/en-hk/tours/tours012/","","Kaifong Special: Cultural Playground (aka Bloggers Playground)","","",""
"1594278850-232","https://www.holidayhk.com/en-hk/","Dining
                    Dining","https://www.holidayhk.com/en-hk/food-and-drink/","Bo InnovationPromotion price of HK$1500 (plus 10% service charge) for designated set menuQuality Tourism Services Scheme Restaurants","https://www.holidayhk.com/en-hk/food-and-drink/food1140/","Bo Innovation","","","",""
"1594278821-173","https://www.holidayhk.com/en-hk/","Tours
                    Tours","https://www.holidayhk.com/en-hk/tours/","Watertours of Hong Kong LimitedBUY 1 GET 1 FREEHarbour Cruise Tour (Daytime)","https://www.holidayhk.com/en-hk/tours/tours009/","","Harbour Cruise Tour (Daytime)","","",""
"1594278911-342","https://www.holidayhk.com/en-hk/","Staycations
                    Staycations","https://www.holidayhk.com/en-hk/staycation/","Lan Kwai Fong Hotel @ Kau U FongWELLNESSFitness Retreat - With Personal Training","https://www.holidayhk.com/en-hk/staycation/staycation0031/","","","","","• One of the following 60 minutes personal training session for two persons 
- High Intensity Interval Training (HIIT) or
- Stretching
• Complimentary set breakfast for two persons 
• Premium BreeZe Lounge Benefits:  
- All day tea and coffee during 7am-11pm
- Complimentary one glass of house wine per person per stay 
• Late check-out till 3pm
• Complimentary unlimited High-Speed WiFi within hotel
• Exclusive Keycard privilege in neighbourhood shops and restaurants"
"1594278917-354","https://www.holidayhk.com/en-hk/","Staycations
                    Staycations","https://www.holidayhk.com/en-hk/staycation/","Hong Kong Disneyland ResortLantau Explorer Package HK$2,088","https://www.holidayhk.com/en-hk/staycation/staycation0154/","","Lantau Explorer Package HK$2,088","","",""
"1594278876-274","https://www.holidayhk.com/en-hk/","Shopping
                    Shopping","https://www.holidayhk.com/en-hk/shops/","CATALO Natural Health FoodsSUPER OFFERPromotion price of HK$128 for Catalo Children's Liquid Calcium setQuality Tourism Services  Scheme Shops","https://www.holidayhk.com/en-hk/shops/shop1015/","","","","/media/offer/EN_Shop_1015_logo.jpg",""
"1594278876-271","https://www.holidayhk.com/en-hk/","Shopping
                    Shopping","https://www.holidayhk.com/en-hk/shops/","CATALO Natural Health FoodsSUPER OFFERPromotion price of HK$128 for Catalo Children's Liquid Calcium setQuality Tourism Services  Scheme Shops","https://www.holidayhk.com/en-hk/shops/shop1015/","CATALO Natural Health Foods","","","",""
"1594278832-197","https://www.holidayhk.com/en-hk/","Tours
                    Tours","https://www.holidayhk.com/en-hk/tours/","Grand Holiday (International) LimitedLau Shui Heung Reservoir, Farm Visiting & Noodles Culture Centre 1-Day Tour","https://www.holidayhk.com/en-hk/tours/tours006/","Grand Holiday (International) Limited","","","",""
"1594278913-343","https://www.holidayhk.com/en-hk/","Staycations
                    Staycations","https://www.holidayhk.com/en-hk/staycation/","The Langham Hong KongLIMITED OFFERLangham Staycation Room Package","https://www.holidayhk.com/en-hk/staycation/staycation0187/","The Langham Hong Kong","","","",""
"1594278896-309","https://www.holidayhk.com/en-hk/","Attractions
                    Attractions","https://www.holidayhk.com/en-hk/attractions/","sky100 Hong Kong Observation DeckCafé 100 Twilight Dinner Package at HK$399 (19% Discount)","https://www.holidayhk.com/en-hk/attractions/attraction0004/","sky100 Hong Kong Observation Deck","","","",""
"1594278869-262","https://www.holidayhk.com/en-hk/","Shopping
                    Shopping","https://www.holidayhk.com/en-hk/shops/","Kee Wah BakeryPromotion price of HK$70 for Pineapple Shortcake Gift Box (9pcs)Quality Tourism Services  Scheme Shops","https://www.holidayhk.com/en-hk/shops/shop1012/","","","","/media/offer/EN_Shop_1012_logo.png",""
"1594278863-251","https://www.holidayhk.com/en-hk/","Dining
                    Dining","https://www.holidayhk.com/en-hk/food-and-drink/","Ser Wong FunBUY 1 GET 1 FREEBuy one, get one free Signature Dishes & Stew Set (for 2 persons)Quality Tourism Services Scheme Restaurants","https://www.holidayhk.com/en-hk/food-and-drink/food0051/","Ser Wong Fun","","","",""
"1594278824-177","https://www.holidayhk.com/en-hk/","Tours
                    Tours","https://www.holidayhk.com/en-hk/tours/","KKDayPearl DIY Accessory Workshop (Family Package)","https://www.holidayhk.com/en-hk/tours/tours015/","KKDay","","","",""
"1594278863-252","https://www.holidayhk.com/en-hk/","Dining
                    Dining","https://www.holidayhk.com/en-hk/food-and-drink/","Ser Wong FunBUY 1 GET 1 FREEBuy one, get one free Signature Dishes & Stew Set (for 2 persons)Quality Tourism Services Scheme Restaurants","https://www.holidayhk.com/en-hk/food-and-drink/food0051/","","Buy one, get one free Signature Dishes & Stew Set (for 2 persons)","","",""
"1594278878-275","https://www.holidayhk.com/en-hk/","Shopping
                    Shopping","https://www.holidayhk.com/en-hk/shops/","FortressPromotion Price of HK$3499 (42% off) for APPLE Watch Series 4 GPS + Cellular Stainless Steel Case 44mm (Recommended Retail Price $6099)Quality Tourism Services  Scheme Shops","https://www.holidayhk.com/en-hk/shops/shop1224/","Fortress","","","",""
"1594278905-325","https://www.holidayhk.com/en-hk/","Staycations
                    Staycations","https://www.holidayhk.com/en-hk/staycation/","Warwick HotelSeaside Escape Staycation Package","https://www.holidayhk.com/en-hk/staycation/staycation0182/","","","• Romantic stay at our Ocean View Deluxe Bedroom / Ocean View Double (one night)
• Breakfast for Two (additional HK$80 for Balcony Breakfast)
• Seafood Dinner For Two (Steam Seafood Hotpot set OR Seafood Dinner set )","",""
"1594278815-160","https://www.holidayhk.com/en-hk/","Tours
                    Tours","https://www.holidayhk.com/en-hk/tours/","Ho Ho Go Experience Limited40% OFFKaifong Special: The Hidden Treasures of Central and Sheung Wan (aka Let's Go Shopping)","https://www.holidayhk.com/en-hk/tours/tours018/","","","","/media/offer/Hohogo_EN_Tour_Offer_2_logo.png",""
"1594278892-302","https://www.holidayhk.com/en-hk/","Attractions
                    Attractions","https://www.holidayhk.com/en-hk/attractions/","Ngong Ping 36050% OFF50% Disount on Weekday Round Trip Cable Car Ticket","https://www.holidayhk.com/en-hk/attractions/attraction0016/","","","Applicable to Roundtrip Standard Cable Car Ticket, Roundtrip Crystal Cable Car Ticket and One-way Standard plus One-way Crystal Cable Car Ticket","",""
"1594278896-312","https://www.holidayhk.com/en-hk/","Attractions
                    Attractions","https://www.holidayhk.com/en-hk/attractions/","sky100 Hong Kong Observation DeckCafé 100 Twilight Dinner Package at HK$399 (19% Discount)","https://www.holidayhk.com/en-hk/attractions/attraction0004/","","","","/media/offer/sky100_ENHK_Attraction_Offer_1_logo.png",""
"1594278834-204","https://www.holidayhk.com/en-hk/","Tours
                    Tours","https://www.holidayhk.com/en-hk/tours/","Walk Hong KongWildlife Nightwalk - Tai Po Kau","https://www.holidayhk.com/en-hk/tours/tours005/","","","• Nightwalk along  Tai Po Kau Nature Reserve 
• Discover Hong Kong's forest wildlife at night with expert","",""
"1594278842-223","https://www.holidayhk.com/en-hk/","Tours
                    Tours","https://www.holidayhk.com/en-hk/tours/","Hong Kong Food Tours Limited25% OFFSham Shui Po Foodie Tour","https://www.holidayhk.com/en-hk/tours/tours008/","","Sham Shui Po Foodie Tour","","",""
"1594278824-179","https://www.holidayhk.com/en-hk/","Tours
                    Tours","https://www.holidayhk.com/en-hk/tours/","KKDayPearl DIY Accessory Workshop (Family Package)","https://www.holidayhk.com/en-hk/tours/tours015/","","","By visiting the pearl farm in Sai Kung, participants will learn about the history and culture related to Hong Kong pearls. You will also learn the basics of pearl cultivation and sustainable development, and create your own pearl accessory out of the pearl harvested at the site and enjoy free-fishing","",""
"1594278815-157","https://www.holidayhk.com/en-hk/","Tours
                    Tours","https://www.holidayhk.com/en-hk/tours/","Ho Ho Go Experience Limited40% OFFKaifong Special: The Hidden Treasures of Central and Sheung Wan (aka Let's Go Shopping)","https://www.holidayhk.com/en-hk/tours/tours018/","Ho Ho Go Experience Limited","","","",""
"1594278890-296","https://www.holidayhk.com/en-hk/","Attractions
                    Attractions","https://www.holidayhk.com/en-hk/attractions/","Hong Kong DisneylandBUY 2 GET 1 FREEBuy Two, Get One Free on 1-Day Ticket","https://www.holidayhk.com/en-hk/attractions/attraction0001/","","Buy Two, Get One Free on 1-Day Ticket","","",""
"1594278894-305","https://www.holidayhk.com/en-hk/","Attractions
                    Attractions","https://www.holidayhk.com/en-hk/attractions/","Dukling50% OFF50% Discount on Dukling Sailing Night Tour","https://www.holidayhk.com/en-hk/attractions/attraction0018/","Dukling","","","",""
"1594278834-202","https://www.holidayhk.com/en-hk/","Tours
                    Tours","https://www.holidayhk.com/en-hk/tours/","Walk Hong KongWildlife Nightwalk - Tai Po Kau","https://www.holidayhk.com/en-hk/tours/tours005/","Walk Hong Kong","","","",""
"1594278858-245","https://www.holidayhk.com/en-hk/","Dining
                    Dining","https://www.holidayhk.com/en-hk/food-and-drink/","Jardin de JadeAround 34% discount on Hello Hong Kong Holiday@Home Menu (for 4 persons)Quality Tourism Services Scheme Restaurants","https://www.holidayhk.com/en-hk/food-and-drink/food0049/","","","Special price : HK$1,088 (original price : HK$1,640)","",""
"1594278878-278","https://www.holidayhk.com/en-hk/","Shopping
                    Shopping","https://www.holidayhk.com/en-hk/shops/","FortressPromotion Price of HK$3499 (42% off) for APPLE Watch Series 4 GPS + Cellular Stainless Steel Case 44mm (Recommended Retail Price $6099)Quality Tourism Services  Scheme Shops","https://www.holidayhk.com/en-hk/shops/shop1224/","","","","/media/offer/Shop_1224_logo.png",""
"1594278854-240","https://www.holidayhk.com/en-hk/","Dining
                    Dining","https://www.holidayhk.com/en-hk/food-and-drink/","Dining Discount Bonanza","https://www.holidayhk.com/en-hk/food-and-drink/diningdiscount/","","Dining Discount Bonanza","","",""
"1594278850-233","https://www.holidayhk.com/en-hk/","Dining
                    Dining","https://www.holidayhk.com/en-hk/food-and-drink/","Bo InnovationPromotion price of HK$1500 (plus 10% service charge) for designated set menuQuality Tourism Services Scheme Restaurants","https://www.holidayhk.com/en-hk/food-and-drink/food1140/","","Promotion price of HK$1500 (plus 10% service charge) for designated set menu","","",""
"1594278878-276","https://www.holidayhk.com/en-hk/","Shopping
                    Shopping","https://www.holidayhk.com/en-hk/shops/","FortressPromotion Price of HK$3499 (42% off) for APPLE Watch Series 4 GPS + Cellular Stainless Steel Case 44mm (Recommended Retail Price $6099)Quality Tourism Services  Scheme Shops","https://www.holidayhk.com/en-hk/shops/shop1224/","","Promotion Price of HK$3499 (42% off) for APPLE Watch Series 4 GPS + Cellular Stainless Steel Case 44mm (Recommended Retail Price $6099)","","",""
"1594278832-199","https://www.holidayhk.com/en-hk/","Tours
                    Tours","https://www.holidayhk.com/en-hk/tours/","Grand Holiday (International) LimitedLau Shui Heung Reservoir, Farm Visiting & Noodles Culture Centre 1-Day Tour","https://www.holidayhk.com/en-hk/tours/tours006/","","","• The Lau Shui Heung Reservoir is located in  Pat Sin Leng Country Park . It is an irrigation pond. You can enjoy the beauty of the thousand-layered forest. On windless days it is like a mirror and the reflection in the water is clear and beautiful
• Visit and shop at Noodles Culture Centre
• Enjoy the traditional nine dishes meal at famous restaurant in Yuen Long
• Visit Long Ping Vegetables and Fruit Garden, picking seasonal vegetables at own expense","",""
"1594278919-359","https://www.holidayhk.com/en-hk/","Staycations
                    Staycations","https://www.holidayhk.com/en-hk/staycation/","Hotel ICONAbove & Beyond Club Getaway","https://www.holidayhk.com/en-hk/staycation/staycation0106/","","Above & Beyond Club Getaway","","",""
"1594278909-335","https://www.holidayhk.com/en-hk/","Staycations
                    Staycations","https://www.holidayhk.com/en-hk/staycation/","The Upper House#WellnessOnTheRoad","https://www.holidayhk.com/en-hk/staycation/staycation0091/","","","Treat yourself to a wellness inspired staycation and indulge in the tranquil setting of our House.  A full 24-hour stay complete with in-room treatments and wellness classes, it's the perfect respite right in the heart of the city.","",""
"1594278821-174","https://www.holidayhk.com/en-hk/","Tours
                    Tours","https://www.holidayhk.com/en-hk/tours/","Watertours of Hong Kong LimitedBUY 1 GET 1 FREEHarbour Cruise Tour (Daytime)","https://www.holidayhk.com/en-hk/tours/tours009/","","","Leisure Victoria Harbour Cruise
• It sails out to the Eastern Harbour, along Central, Wanchai, Causeway Bay and North Point. Further sailing to the newly built Kai Tak Cruise Terminal, opened at the site of the former Kai Tak International Airport. Last but not least, Kowloon City, Hunghom and Tsimshatsui East are also the highlights you can't afford to miss.","",""
"1594278854-242","https://www.holidayhk.com/en-hk/","Dining
                    Dining","https://www.holidayhk.com/en-hk/food-and-drink/","Dining Discount Bonanza","https://www.holidayhk.com/en-hk/food-and-drink/diningdiscount/","","","","","Savour amazing flavours during the ‘Dining Discount Bonanza’ this summer with a 30 per cent discount in July and 20 per cent off in August on delectable dishes at restaurants throughout Hong Kong. Search by cuisine and district to find amazing offers on the ‘Dining Discount Bonanza’ website.

Please visit the  official website  for more details."
"1594278842-222","https://www.holidayhk.com/en-hk/","Tours
                    Tours","https://www.holidayhk.com/en-hk/tours/","Hong Kong Food Tours Limited25% OFFSham Shui Po Foodie Tour","https://www.holidayhk.com/en-hk/tours/tours008/","Hong Kong Food Tours Limited","","","",""
"1594278824-180","https://www.holidayhk.com/en-hk/","Tours
                    Tours","https://www.holidayhk.com/en-hk/tours/","KKDayPearl DIY Accessory Workshop (Family Package)","https://www.holidayhk.com/en-hk/tours/tours015/","","","","/media/offer/Kkday_EN_Tour_Offer_1_logo.png",""
"1594278838-214","https://www.holidayhk.com/en-hk/","Tours
                    Tours","https://www.holidayhk.com/en-hk/tours/","Watertours of Hong Kong LimitedBUY 1 GET 1 FREEHarbour Cruise Tour (Nighttime)","https://www.holidayhk.com/en-hk/tours/tours010/","","","Pre-dinner Sunset Cruise
• Watch the world's greatest view turns into the world's greatest light show

Harbour Night Cruise
• Relax and enjoy the world famous glittering harbour views by night

Symphony of Lights Cruise
• The cruise climatises as the Symphony of Lights show brightens up the skyline","",""
"1594278869-259","https://www.holidayhk.com/en-hk/","Shopping
                    Shopping","https://www.holidayhk.com/en-hk/shops/","Kee Wah BakeryPromotion price of HK$70 for Pineapple Shortcake Gift Box (9pcs)Quality Tourism Services  Scheme Shops","https://www.holidayhk.com/en-hk/shops/shop1012/","Kee Wah Bakery","","","",""
"1594278898-316","https://www.holidayhk.com/en-hk/","Attractions
                    Attractions","https://www.holidayhk.com/en-hk/attractions/","KKDayOver 30% Discount on The Peak - Explorer Pass","https://www.holidayhk.com/en-hk/attractions/attraction0014/","","","Includes one Peak Tram Sky Pass, one Monopoly Dreams™️ Admission Ticket, one Madame Tussauds Hong Kong Ticket and 10% discount from Tiny (applicable for The Peak shop only)","",""
"1594278834-206","https://www.holidayhk.com/en-hk/","Tours
                    Tours","https://www.holidayhk.com/en-hk/tours/","Walk Hong KongWildlife Nightwalk - Tai Po Kau","https://www.holidayhk.com/en-hk/tours/tours005/","","","","","• Offer is valid from 15 June to 30 September 2020
• Hong Kong residents are eligible to this offer
• Tour discounted prices are HK$400 for adult and HK$200 for child under 12 years
• Tour is available in English and Cantonese
• This tour is suitable for participants aged 6 or above
• Minimum number of paying adults to run the tour: 2 persons
• Other benefits:
    - Upgrade to Private Tour: Group Price at HK$2,000  for up to 8 participants 
    - Repeating guests may enjoy a free tour if they bring a friend within 8 days after first tour date
• For enquiries, please email walks@walkhongkong.com"
"1594278826-185","https://www.holidayhk.com/en-hk/","Tours
                    Tours","https://www.holidayhk.com/en-hk/tours/","Walk Hong KongWildlife Nightwalk - Lung Fu Shan","https://www.holidayhk.com/en-hk/tours/tours004/","","","","/media/offer/WalkHongKong_EN_Tour_Offer_1_logo.png",""
"1594278876-272","https://www.holidayhk.com/en-hk/","Shopping
                    Shopping","https://www.holidayhk.com/en-hk/shops/","CATALO Natural Health FoodsSUPER OFFERPromotion price of HK$128 for Catalo Children's Liquid Calcium setQuality Tourism Services  Scheme Shops","https://www.holidayhk.com/en-hk/shops/shop1015/","","Promotion price of HK$128 for Catalo Children's Liquid Calcium set","","",""
"1594278828-190","https://www.holidayhk.com/en-hk/","Tours
                    Tours","https://www.holidayhk.com/en-hk/tours/","Jebsen Holidays LimitedYuen Long Pineapple Farm Tour - Hong Kong Residents Privilege","https://www.holidayhk.com/en-hk/tours/tours003/","","","","/media/offer/JebsenHolidays_EN_Tour_Offer_1_logo.png",""
"1594278915-352","https://www.holidayhk.com/en-hk/","Staycations
                    Staycations","https://www.holidayhk.com/en-hk/staycation/","The Kowloon HotelDouble Value Package - pay one price to get room & same value of F&B credit up to HK$1,800","https://www.holidayhk.com/en-hk/staycation/staycation0047/","","","","","•  Offer is valid from 15 June to 30 September 2020
•  Hong Kong residents are eligible for this offer
•  Offer includes:
- One night accommodation in Superior Room / Side Harbour View Room / Executive Side Harbour View Suite and receive F&B cash credit at same value of room rate
- Free Wi-Fi and Broadband internet access (two devices per room)
- Complimentary distilled water with daily replenishment
- Free local telephone calls
- In-room coffee and tea making facilities
•  For enquiries, please contact rsvn.klnh@harbour-plaza.com or +852 2734 3777"
"1594278917-357","https://www.holidayhk.com/en-hk/","Staycations
                    Staycations","https://www.holidayhk.com/en-hk/staycation/","Hong Kong Disneyland ResortLantau Explorer Package HK$2,088","https://www.holidayhk.com/en-hk/staycation/staycation0154/","","","","","• Offer is valid from 15 June to 31 August 2020
• Hong Kong residents are eligible for this offer
• Offer includes:
- A one-night accommodation in a Standard Room at Hong Kong Disneyland Hotel from HK$2,088
- 2 adult admission tickets to Noah's Ark, or 2 Ngong Ping 360 cable car tickets
- A one-way limousine transfer between Hong Kong Disneyland Hotel and Tung Chung or Ma Wan
• A complimentary HK$100 Citygate Outlets cash voucher and a 20% off coupon at AsiaWorld-Expo's NUVA, specialising in Chinese fine dining (while stock lasts)
• The tour and travel services in the advertisement are offered by 360 Holidays
• For enquiries, please contact holidays@np360.com.hk or +852 3666 0666"
"1594278836-208","https://www.holidayhk.com/en-hk/","Tours
                    Tours","https://www.holidayhk.com/en-hk/tours/","Walk in Hong Kong LtdIsland Architecture Walk","https://www.holidayhk.com/en-hk/tours/tours011/","","Island Architecture Walk","","",""
"1594278890-295","https://www.holidayhk.com/en-hk/","Attractions
                    Attractions","https://www.holidayhk.com/en-hk/attractions/","Hong Kong DisneylandBUY 2 GET 1 FREEBuy Two, Get One Free on 1-Day Ticket","https://www.holidayhk.com/en-hk/attractions/attraction0001/","Hong Kong Disneyland","","","",""
"1594278905-324","https://www.holidayhk.com/en-hk/","Staycations
                    Staycations","https://www.holidayhk.com/en-hk/staycation/","Warwick HotelSeaside Escape Staycation Package","https://www.holidayhk.com/en-hk/staycation/staycation0182/","","Seaside Escape Staycation Package","","",""
"1594278886-288","https://www.holidayhk.com/en-hk/","Attractions
                    Attractions","https://www.holidayhk.com/en-hk/attractions/","Ocean Park Hong KongAdult ticket at HK$350. Kid & elderly go Free.","https://www.holidayhk.com/en-hk/attractions/attraction0021/","","","Ocean Park Local Residents Special Promotion
Get adult ticket at HK$350 with in-park Cash Voucher of HK$350. Kid & elderly go free","",""
"1594278872-264","https://www.holidayhk.com/en-hk/","Shopping
                    Shopping","https://www.holidayhk.com/en-hk/shops/","Sa Sa Cosmetic Company LimitedSUPER OFFERPromotion price of HK$54 for Sasatinnie Black Pearl Caviar Nourishing Black Mask/Swallow’s Nest Camellia Rejuvenating Black Mask 1pcsQuality Tourism Services  Scheme Shops","https://www.holidayhk.com/en-hk/shops/shop1017/","","Promotion price of HK$54 for Sasatinnie Black Pearl Caviar Nourishing Black Mask/Swallow’s Nest Camellia Rejuvenating Black Mask 1pcs","","",""
"1594278838-212","https://www.holidayhk.com/en-hk/","Tours
                    Tours","https://www.holidayhk.com/en-hk/tours/","Watertours of Hong Kong LimitedBUY 1 GET 1 FREEHarbour Cruise Tour (Nighttime)","https://www.holidayhk.com/en-hk/tours/tours010/","Watertours of Hong Kong Limited","","","",""
"1594278840-220","https://www.holidayhk.com/en-hk/","Tours
                    Tours","https://www.holidayhk.com/en-hk/tours/","KKDayTung Lung Island Zip Line Experience in Hong Kong","https://www.holidayhk.com/en-hk/tours/tours016/","","","","/media/offer/Kkday_EN_Tour_Offer_1_logo.png",""
"1594278874-269","https://www.holidayhk.com/en-hk/","Shopping
                    Shopping","https://www.holidayhk.com/en-hk/shops/","ARTE MadridBUY 1 GET 1 FREEBuy one, get one free on selected jewellery collectionsQuality Tourism Services  Scheme Shops","https://www.holidayhk.com/en-hk/shops/shop0015/","","","Original price:  HK$950 - HK$ 1,280","",""
"1594278840-218","https://www.holidayhk.com/en-hk/","Tours
                    Tours","https://www.holidayhk.com/en-hk/tours/","KKDayTung Lung Island Zip Line Experience in Hong Kong","https://www.holidayhk.com/en-hk/tours/tours016/","","Tung Lung Island Zip Line Experience in Hong Kong","","",""
"1594278919-358","https://www.holidayhk.com/en-hk/","Staycations
                    Staycations","https://www.holidayhk.com/en-hk/staycation/","Hotel ICONAbove & Beyond Club Getaway","https://www.holidayhk.com/en-hk/staycation/staycation0106/","Hotel ICON","","","",""
"1594278894-307","https://www.holidayhk.com/en-hk/","Attractions
                    Attractions","https://www.holidayhk.com/en-hk/attractions/","Dukling50% OFF50% Discount on Dukling Sailing Night Tour","https://www.holidayhk.com/en-hk/attractions/attraction0018/","","","","/media/offer/Dukling_ENHK_Attraction_Offer_1_logo.png",""
"1594278915-349","https://www.holidayhk.com/en-hk/","Staycations
                    Staycations","https://www.holidayhk.com/en-hk/staycation/","The Kowloon HotelDouble Value Package - pay one price to get room & same value of F&B credit up to HK$1,800","https://www.holidayhk.com/en-hk/staycation/staycation0047/","","Double Value Package - pay one price to get room & same value of F&B credit up to HK$1,800","","",""
"1594278882-282","https://www.holidayhk.com/en-hk/","Shopping
                    Shopping","https://www.holidayhk.com/en-hk/shops/","ZWILLINGSUPER OFFERSpecial price of HK$229 for ZWILLING TWIN® Point Silver Santoku Knife Set","https://www.holidayhk.com/en-hk/shops/shop1021/","ZWILLING","","","",""
"1594278907-329","https://www.holidayhk.com/en-hk/","Staycations
                    Staycations","https://www.holidayhk.com/en-hk/staycation/","Hong Kong Ocean Park Marriott HotelHome Kong – Ocean Park Amazing Moment Room Package","https://www.holidayhk.com/en-hk/staycation/staycation0077/","","Home Kong – Ocean Park Amazing Moment Room Package","","",""
"1594278886-287","https://www.holidayhk.com/en-hk/","Attractions
                    Attractions","https://www.holidayhk.com/en-hk/attractions/","Ocean Park Hong KongAdult ticket at HK$350. Kid & elderly go Free.","https://www.holidayhk.com/en-hk/attractions/attraction0021/","","Adult ticket at HK$350. Kid & elderly go Free.","","",""
"1594278909-334","https://www.holidayhk.com/en-hk/","Staycations
                    Staycations","https://www.holidayhk.com/en-hk/staycation/","The Upper House#WellnessOnTheRoad","https://www.holidayhk.com/en-hk/staycation/staycation0091/","","#WellnessOnTheRoad","","",""
"1594278874-270","https://www.holidayhk.com/en-hk/","Shopping
                    Shopping","https://www.holidayhk.com/en-hk/shops/","ARTE MadridBUY 1 GET 1 FREEBuy one, get one free on selected jewellery collectionsQuality Tourism Services  Scheme Shops","https://www.holidayhk.com/en-hk/shops/shop0015/","","","","/media/offer/EN_Shop_15_logo.png",""
"1594278860-249","https://www.holidayhk.com/en-hk/","Dining
                    Dining","https://www.holidayhk.com/en-hk/food-and-drink/","Ta-keBUY 1 GET 1 FREEBuy one, get one free Premium Seasonal Kaiseki MenuQuality Tourism Services Scheme Restaurants","https://www.holidayhk.com/en-hk/food-and-drink/food0027/","","","Original price: HK$1,880 per person","",""
"1594278828-191","https://www.holidayhk.com/en-hk/","Tours
                    Tours","https://www.holidayhk.com/en-hk/tours/","Jebsen Holidays LimitedYuen Long Pineapple Farm Tour - Hong Kong Residents Privilege","https://www.holidayhk.com/en-hk/tours/tours003/","","","","","• Offer is valid from 15 June to 30 September 2020
• Hong Kong residents are eligible to this offer
• Tour discounted prices are HK$290 for adult and HK$250 for child between 3-11 years
• For enquiries, please email reservation.ta@jebsenholidays.com or call +852 3180 6770"
"1594278917-353","https://www.holidayhk.com/en-hk/","Staycations
                    Staycations","https://www.holidayhk.com/en-hk/staycation/","Hong Kong Disneyland ResortLantau Explorer Package HK$2,088","https://www.holidayhk.com/en-hk/staycation/staycation0154/","Hong Kong Disneyland Resort","","","",""
"1594278890-299","https://www.holidayhk.com/en-hk/","Attractions
                    Attractions","https://www.holidayhk.com/en-hk/attractions/","Hong Kong DisneylandBUY 2 GET 1 FREEBuy Two, Get One Free on 1-Day Ticket","https://www.holidayhk.com/en-hk/attractions/attraction0001/","","","","","At Hong Kong Disneyland, every moment is a magical one that brings you closer to your loved ones. From now to 31 August, 2020, guests can buy two 1-Day park tickets and receive an additional 1-Day ticket for free! It’s a wonderful way to share the Disney magic and happiness with all your loved ones!

Every guest may enjoy a complimentary Disney Headband (original price HK$118) or Ear Hat (original price HK$99) with your park entry on or before 31 July 2020! 

Book now and enjoy your magical journey at Hong Kong Disneyland!

•  Offer is valid from now to 31 Aug 2020
• Valid for one visit to the Park on or before August 31, 2020. Tickets are only valid on the date of redemption. All three tickets must be used together upon admission to the Park. 
• 1-Day admission ticket is applicable for guests of all ages while 1-Day Child admission ticket is applicable for the guests aged 3 - 11
•  For enquiries, please call +852 1 830 830 
• Images are for marketing purposes only. All Guests must wear face masks and maintain appropriate social distance during their visit"
"1594278819-170","https://www.holidayhk.com/en-hk/","Tours
                    Tours","https://www.holidayhk.com/en-hk/tours/","Ferry Nostalgia Travel LimitedTung Lung Island Travel Voucher","https://www.holidayhk.com/en-hk/tours/tours007/","","","","/media/offer/FerryNostalgia_EN_Tour_Offer_1_logo.png",""
"1594278832-198","https://www.holidayhk.com/en-hk/","Tours
                    Tours","https://www.holidayhk.com/en-hk/tours/","Grand Holiday (International) LimitedLau Shui Heung Reservoir, Farm Visiting & Noodles Culture Centre 1-Day Tour","https://www.holidayhk.com/en-hk/tours/tours006/","","Lau Shui Heung Reservoir, Farm Visiting & Noodles Culture Centre 1-Day Tour","","",""
"1594278892-304","https://www.holidayhk.com/en-hk/","Attractions
                    Attractions","https://www.holidayhk.com/en-hk/attractions/","Ngong Ping 36050% OFF50% Disount on Weekday Round Trip Cable Car Ticket","https://www.holidayhk.com/en-hk/attractions/attraction0016/","","","","","•  Offer is valid from 15 June to 31 July 2020
•  Offer is valid on Mondays to Fridays only (except Saturdays, Sundays and Public Holidays)
•  Hong Kong residents are eligible for this offer 
•  For enquiries, please contact Ngong Ping 360 at info@np360.com.hk or +852 3666 0606"
"1594278852-237","https://www.holidayhk.com/en-hk/","Dining
                    Dining","https://www.holidayhk.com/en-hk/food-and-drink/","LHGroup & Kabushikigaisha LimitedHK$50 cash coupon upon dine-in purchase at every HK$200","https://www.holidayhk.com/en-hk/food-and-drink/food1006/","","HK$50 cash coupon upon dine-in purchase at every HK$200","","",""
"1594278878-277","https://www.holidayhk.com/en-hk/","Shopping
                    Shopping","https://www.holidayhk.com/en-hk/shops/","FortressPromotion Price of HK$3499 (42% off) for APPLE Watch Series 4 GPS + Cellular Stainless Steel Case 44mm (Recommended Retail Price $6099)Quality Tourism Services  Scheme Shops","https://www.holidayhk.com/en-hk/shops/shop1224/","","","Original Price HK$6099","",""
"1594278919-360","https://www.holidayhk.com/en-hk/","Staycations
                    Staycations","https://www.holidayhk.com/en-hk/staycation/","Hotel ICONAbove & Beyond Club Getaway","https://www.holidayhk.com/en-hk/staycation/staycation0106/","","","With three award-winning restaurants, bountiful gourmet food and a contemporary Above & Beyond Club Lounge, Hotel ICON is the ultimate foodie getaway for all ages. Starting from HK$1,950*per room per night, the package includes a one-night stay at CLUB 36 City Room. Embark on a full-day culinary journey at ICON and enjoy complimentary access to our cozy Above & Beyond Lounge along with a wealth of exclusive benefits","",""
"1594278872-265","https://www.holidayhk.com/en-hk/","Shopping
                    Shopping","https://www.holidayhk.com/en-hk/shops/","Sa Sa Cosmetic Company LimitedSUPER OFFERPromotion price of HK$54 for Sasatinnie Black Pearl Caviar Nourishing Black Mask/Swallow’s Nest Camellia Rejuvenating Black Mask 1pcsQuality Tourism Services  Scheme Shops","https://www.holidayhk.com/en-hk/shops/shop1017/","","","Original price:  HK$135/pcs","",""
"1594278888-291","https://www.holidayhk.com/en-hk/","Attractions
                    Attractions","https://www.holidayhk.com/en-hk/attractions/","Hong Kong Maritime MuseumBUY 1 GET 1 FREEBuy One, Get One Free on Admission Ticket","https://www.holidayhk.com/en-hk/attractions/attraction0017/","Hong Kong Maritime Museum","","","",""
"1594278842-224","https://www.holidayhk.com/en-hk/","Tours
                    Tours","https://www.holidayhk.com/en-hk/tours/","Hong Kong Food Tours Limited25% OFFSham Shui Po Foodie Tour","https://www.holidayhk.com/en-hk/tours/tours008/","","","Wake up in this bustling Kowloon neighborhood of Sham Shui Po known to many locals as a foodie enclave. From breakfast till lunch, savor authentic treats at six mom-and-pop eateries. Between tastings, discover cultural remnants of Hong Kong’s past and experience today’s life in this working-class community.","",""
"1594278850-234","https://www.holidayhk.com/en-hk/","Dining
                    Dining","https://www.holidayhk.com/en-hk/food-and-drink/","Bo InnovationPromotion price of HK$1500 (plus 10% service charge) for designated set menuQuality Tourism Services Scheme Restaurants","https://www.holidayhk.com/en-hk/food-and-drink/food1140/","","","Original Price $1880 + 10% service charge","",""
"1594278838-213","https://www.holidayhk.com/en-hk/","Tours
                    Tours","https://www.holidayhk.com/en-hk/tours/","Watertours of Hong Kong LimitedBUY 1 GET 1 FREEHarbour Cruise Tour (Nighttime)","https://www.holidayhk.com/en-hk/tours/tours010/","","Harbour Cruise Tour (Nighttime)","","",""
"1594278860-248","https://www.holidayhk.com/en-hk/","Dining
                    Dining","https://www.holidayhk.com/en-hk/food-and-drink/","Ta-keBUY 1 GET 1 FREEBuy one, get one free Premium Seasonal Kaiseki MenuQuality Tourism Services Scheme Restaurants","https://www.holidayhk.com/en-hk/food-and-drink/food0027/","","Buy one, get one free Premium Seasonal Kaiseki Menu","","",""
"1594278852-238","https://www.holidayhk.com/en-hk/","Dining
                    Dining","https://www.holidayhk.com/en-hk/food-and-drink/","LHGroup & Kabushikigaisha LimitedHK$50 cash coupon upon dine-in purchase at every HK$200","https://www.holidayhk.com/en-hk/food-and-drink/food1006/","","","","/media/offer/En_Dine_1006_logo.png",""
"1594278838-215","https://www.holidayhk.com/en-hk/","Tours
                    Tours","https://www.holidayhk.com/en-hk/tours/","Watertours of Hong Kong LimitedBUY 1 GET 1 FREEHarbour Cruise Tour (Nighttime)","https://www.holidayhk.com/en-hk/tours/tours010/","","","","/media/offer/Watertours_EN_Tour_Offer_2_logo.png",""
"1594278836-211","https://www.holidayhk.com/en-hk/","Tours
                    Tours","https://www.holidayhk.com/en-hk/tours/","Walk in Hong Kong LtdIsland Architecture Walk","https://www.holidayhk.com/en-hk/tours/tours011/","","","","","• Offer is valid from 15 June to 30 September 2020
• Hong Kong residents are eligible to this offer
• This tour will be conducted in Cantonese
• For enquiries, please contact info@walkin.hk or +852 5511 4839"
"1594278824-178","https://www.holidayhk.com/en-hk/","Tours
                    Tours","https://www.holidayhk.com/en-hk/tours/","KKDayPearl DIY Accessory Workshop (Family Package)","https://www.holidayhk.com/en-hk/tours/tours015/","","Pearl DIY Accessory Workshop (Family Package)","","",""
"1594278876-273","https://www.holidayhk.com/en-hk/","Shopping
                    Shopping","https://www.holidayhk.com/en-hk/shops/","CATALO Natural Health FoodsSUPER OFFERPromotion price of HK$128 for Catalo Children's Liquid Calcium setQuality Tourism Services  Scheme Shops","https://www.holidayhk.com/en-hk/shops/shop1015/","","","Original price:  HK$812","",""
"1594278836-209","https://www.holidayhk.com/en-hk/","Tours
                    Tours","https://www.holidayhk.com/en-hk/tours/","Walk in Hong Kong LtdIsland Architecture Walk","https://www.holidayhk.com/en-hk/tours/tours011/","","","Be inspired by the underrated yet captivating architecture in Causeway Bay and Tai Hang, where decades of clashing and intertwining of eastern and western cultures have created some unique designs. Admire the legacy built by our forefathers as your professionally-trained architectural guide tells you the tales of over 100 years of design, style, and technique and why they are still important today.

• Discover several architectural gems, from cylindrical public housing to the Chinese Renaissance Church to a Neoclassical cathedral
• Record fine architectural details by sketching","",""
"1594278890-297","https://www.holidayhk.com/en-hk/","Attractions
                    Attractions","https://www.holidayhk.com/en-hk/attractions/","Hong Kong DisneylandBUY 2 GET 1 FREEBuy Two, Get One Free on 1-Day Ticket","https://www.holidayhk.com/en-hk/attractions/attraction0001/","","","Every guest may enjoy a complimentary Disney Headband (original price HK$118) or Ear Hat (original price HK$99) with your park entry on or before 31 July 2020!","",""
"1594278840-221","https://www.holidayhk.com/en-hk/","Tours
                    Tours","https://www.holidayhk.com/en-hk/tours/","KKDayTung Lung Island Zip Line Experience in Hong Kong","https://www.holidayhk.com/en-hk/tours/tours016/","","","","","•  Offer is valid from 15 June to 30 September 2020
•  Hong Kong residents are eligible to this offer
•  Tour duration is about 8 hours 30 minutes
•  Minimum of 8 people is required to book this tour
•  For enquiries, please contact +852 3008 1724"
"1594278828-188","https://www.holidayhk.com/en-hk/","Tours
                    Tours","https://www.holidayhk.com/en-hk/tours/","Jebsen Holidays LimitedYuen Long Pineapple Farm Tour - Hong Kong Residents Privilege","https://www.holidayhk.com/en-hk/tours/tours003/","","Yuen Long Pineapple Farm Tour - Hong Kong Residents Privilege","","",""
"1594278880-279","https://www.holidayhk.com/en-hk/","Shopping
                    Shopping","https://www.holidayhk.com/en-hk/shops/","Conte de cookieCASH REBATEEnjoy HK$100 cash rebate upon spending HK$400 or more on any regular-priced item in single transactionQuality Tourism Services  Scheme Shops","https://www.holidayhk.com/en-hk/shops/shop1114/","Conte de cookie","","","",""
"1594278860-247","https://www.holidayhk.com/en-hk/","Dining
                    Dining","https://www.holidayhk.com/en-hk/food-and-drink/","Ta-keBUY 1 GET 1 FREEBuy one, get one free Premium Seasonal Kaiseki MenuQuality Tourism Services Scheme Restaurants","https://www.holidayhk.com/en-hk/food-and-drink/food0027/","Ta-ke","","","",""
"1594278826-186","https://www.holidayhk.com/en-hk/","Tours
                    Tours","https://www.holidayhk.com/en-hk/tours/","Walk Hong KongWildlife Nightwalk - Lung Fu Shan","https://www.holidayhk.com/en-hk/tours/tours004/","","","","","• Offer is valid from 15 June to 30 September 2020
• Hong Kong residents are eligible to this offer
• Tour discounted prices are HK$400 for adult and HK$200 for child under 12 years
• Tour is available in English and Cantonese
• This tour is suitable for participants aged 6 or above
• Minimum number of paying adults to run the tour: 2 persons
• Other benefits:
    - Upgrade to Private Tour: Group Price at HK$2,000  for up to 8 participants 
    - Repeating guests may enjoy a free tour if they bring a friend within 8 days after first tour date
• For enquiries, please email walks@walkhongkong.com"
"1594278874-268","https://www.holidayhk.com/en-hk/","Shopping
                    Shopping","https://www.holidayhk.com/en-hk/shops/","ARTE MadridBUY 1 GET 1 FREEBuy one, get one free on selected jewellery collectionsQuality Tourism Services  Scheme Shops","https://www.holidayhk.com/en-hk/shops/shop0015/","","Buy one, get one free on selected jewellery collections","","",""
"1594278913-347","https://www.holidayhk.com/en-hk/","Staycations
                    Staycations","https://www.holidayhk.com/en-hk/staycation/","The Langham Hong KongLIMITED OFFERLangham Staycation Room Package","https://www.holidayhk.com/en-hk/staycation/staycation0187/","","","","","•  Offer is valid from 15 June to 30 September 2020
•  Hong Kong residents are eligible for this offer 
•  Offer includes:
- Exclusive Privileges: Complimentary Langham Club Access (for booking made before 16 July 2020)
- One night accommodation in Superior Courtyard Room 
- Daily breakfast for 2 adults and 1 child (up to 12 years old)
- HK$1,000 dining credit during the stay
- Guaranteed early check-in at 12:00 noon and late check-out at 3pm
- One complimentary Langham Limited Edition Octopus Card with HK$100 value per stay
- In-suite play tent for kids (for One Bedroom Suite only, upon request in advance and upon availability)
- Complimentary parking for 1 car per stay
- Complimentary extra bed for 1 child
- Complimentary internet access in all guest rooms and public areas
- Complimentary access to 24-hour fitness centre
Value add: Exclusive for One Bedroom Suite only, an extra kid can be accommodated on a sofa bed with a supplement charge of HK$200 per room per night, with daily breakfast included
•  For enquiries, please contact tlhkg.resv@langhamhotels.com or +852 2378 9988"
"1594278858-246","https://www.holidayhk.com/en-hk/","Dining
                    Dining","https://www.holidayhk.com/en-hk/food-and-drink/","Jardin de JadeAround 34% discount on Hello Hong Kong Holiday@Home Menu (for 4 persons)Quality Tourism Services Scheme Restaurants","https://www.holidayhk.com/en-hk/food-and-drink/food0049/","","","","/media/offer/EN_Dine_49_logo.jpg",""
"1594278863-253","https://www.holidayhk.com/en-hk/","Dining
                    Dining","https://www.holidayhk.com/en-hk/food-and-drink/","Ser Wong FunBUY 1 GET 1 FREEBuy one, get one free Signature Dishes & Stew Set (for 2 persons)Quality Tourism Services Scheme Restaurants","https://www.holidayhk.com/en-hk/food-and-drink/food0051/","","","Special price : HK$648 for 4 persons (original price : HK$648 for 2 persons)","",""
"1594278909-337","https://www.holidayhk.com/en-hk/","Staycations
                    Staycations","https://www.holidayhk.com/en-hk/staycation/","The Upper House#WellnessOnTheRoad","https://www.holidayhk.com/en-hk/staycation/staycation0091/","","","","","• Offer is valid from 15 June to 6 September 2020
• Hong Kong residents are eligible for this offer
Offer includes:
- One night accomodation in Studio 70
- A full 24-hour stay with flexible check-in time 
- Breakfast for two at Café Gray Deluxe
- A selection of Café Gray Deluxe cold-pressed juices as welcome drinks
- 60 minute in-room massage for two
- A surprise wellness gift
- Complimentary access to group wellness classes (Saturdays and Sundays)
- Complimentary Maxi-Bar (except wine and Champagne)
- Access to 24-hour gym facilities
- Access to a lululemon Wellness Loan Kit  
- Complimentary parking
• For enquiries, please contact reservations@upperhouse.com or +852 3968 1111"
"1594278917-355","https://www.holidayhk.com/en-hk/","Staycations
                    Staycations","https://www.holidayhk.com/en-hk/staycation/","Hong Kong Disneyland ResortLantau Explorer Package HK$2,088","https://www.holidayhk.com/en-hk/staycation/staycation0154/","","","Combine your stay at Hong Kong Disneyland Hotel with a visit to Noah's Ark or a scenic ride on the NP360 cable car! 
A one-way limousine transfer is included between the hotel and Tung Chung or Ma Wan.","",""
"1594278830-194","https://www.holidayhk.com/en-hk/","Tours
                    Tours","https://www.holidayhk.com/en-hk/tours/","Eco Travel LimitedEcoJet．Hexagonal Geopark Tour","https://www.holidayhk.com/en-hk/tours/tours001/","","","Jet Boat tour- Ecojet, take you to visit  Hong Kong Geopark  in Sai Kung area. Within 2 hours, you can on board from city center and visit Ung Kong Islands, High Island and the High Island Reservoir East Dam for the amazing hexagonal volcanic rocks.","",""
"1594278915-351","https://www.holidayhk.com/en-hk/","Staycations
                    Staycations","https://www.holidayhk.com/en-hk/staycation/","The Kowloon HotelDouble Value Package - pay one price to get room & same value of F&B credit up to HK$1,800","https://www.holidayhk.com/en-hk/staycation/staycation0047/","","","","/media/offer/TheKowloonHotel_HK_Hotel_Offer_1_logo.png",""
"1594278832-201","https://www.holidayhk.com/en-hk/","Tours
                    Tours","https://www.holidayhk.com/en-hk/tours/","Grand Holiday (International) LimitedLau Shui Heung Reservoir, Farm Visiting & Noodles Culture Centre 1-Day Tour","https://www.holidayhk.com/en-hk/tours/tours006/","","","","","• Offer is valid from 15 June to 30 September 2020
• Offer is for valid Hong Kong people
• Travel Date: Every Saturday, Sunday and Public Holiday 
• Gathering Time: 9am (Dissemble at around 5pm at gathering venue)
• Gathering Venue: Kowloon Tong MTR Exit F (near 7-11)
• Discounted Price:
    - Price A: Tour Fee HK$168 + HK$20 Tour Guide Fee + HK$10 Insurance Fee per person
    - Price B: Tour Fee HK$163 + HK$20 Tour Guide Fee + HK$10 Insurance per person (Booking for 4 persons)
    - Price C: Tour Fee HK$160 + HK$20 Tour Guide Fee + HK$10 Insurance per person (Booking for 6 persons)
• Other Benefit:
   - Repeating guests or friends referral may present the previous tour purchase receipt to enjoy HK$15 discount as they purchase other tours within 1 week (except tour code FG2008)
• Infants under the age of 2 must pay HK $ 100 for the car seat or the boat seat (food is not included)
• The accidental death insurance fee covers the age of 30 days old to 75 years old and the compensation amount is HK$100,000; 76 to 85 years old is HK$50,000; 86 years old or above is not covered
• The tour guide speaks Cantonese only
• The above routing and meal order is for reference only, it depends on tour guide's arrangements on the day
• The above photos are for reference only
• One day before the travel date, the tour guide will call to reconfirm gathering time and venue. If customers do not receive phone call from tour guide, please contact (852) 2395-0788 within business hours
• TIC suggests customers to buy travel insurance package
• In case of any disputes, Grand Holiday (International) Ltd. reserves the right to change this offer without prior notice
• For enquiries, please contact localtour@fth.com.hk or +852 2395 0788"
"1594278865-257","https://www.holidayhk.com/en-hk/","Dining
                    Dining","https://www.holidayhk.com/en-hk/food-and-drink/","McCaféPromotion price of HK$15 for Latte (S)Quality Tourism Services Scheme Restaurants","https://www.holidayhk.com/en-hk/food-and-drink/food1161/","","","Original Price HK$24UP","",""
"1594278896-311","https://www.holidayhk.com/en-hk/","Attractions
                    Attractions","https://www.holidayhk.com/en-hk/attractions/","sky100 Hong Kong Observation DeckCafé 100 Twilight Dinner Package at HK$399 (19% Discount)","https://www.holidayhk.com/en-hk/attractions/attraction0004/","","","Includes one sky100 Adult Standard Ticket and a 3-course Twilight Dinner for 1 person at Café 100 by The Ritz-Carlton, Hong Kong","",""
"1594278869-261","https://www.holidayhk.com/en-hk/","Shopping
                    Shopping","https://www.holidayhk.com/en-hk/shops/","Kee Wah BakeryPromotion price of HK$70 for Pineapple Shortcake Gift Box (9pcs)Quality Tourism Services  Scheme Shops","https://www.holidayhk.com/en-hk/shops/shop1012/","","","Original price:  HK$92","",""
"1594278907-331","https://www.holidayhk.com/en-hk/","Staycations
                    Staycations","https://www.holidayhk.com/en-hk/staycation/","Hong Kong Ocean Park Marriott HotelHome Kong – Ocean Park Amazing Moment Room Package","https://www.holidayhk.com/en-hk/staycation/staycation0077/","","","","/media/offer/OPMarriott_HK_Hotel_Offer_1_logo.png",""
"1594278821-176","https://www.holidayhk.com/en-hk/","Tours
                    Tours","https://www.holidayhk.com/en-hk/tours/","Watertours of Hong Kong LimitedBUY 1 GET 1 FREEHarbour Cruise Tour (Daytime)","https://www.holidayhk.com/en-hk/tours/tours009/","","","","","• Offer is valid from 15 June to 30 September 2020
• Hong Kong residents are eligible to this offer
• Discounted Price: HK$80 (buy-1-get-1-free)
• For enquiries, please contact watertours@wingontravel.com or +852 2926 3868"
"1594278909-336","https://www.holidayhk.com/en-hk/","Staycations
                    Staycations","https://www.holidayhk.com/en-hk/staycation/","The Upper House#WellnessOnTheRoad","https://www.holidayhk.com/en-hk/staycation/staycation0091/","","","","/media/offer/UpperHouse_HK_Hotel_Offer_2_logo.png",""
"1594278911-338","https://www.holidayhk.com/en-hk/","Staycations
                    Staycations","https://www.holidayhk.com/en-hk/staycation/","Lan Kwai Fong Hotel @ Kau U FongWELLNESSFitness Retreat - With Personal Training","https://www.holidayhk.com/en-hk/staycation/staycation0031/","Lan Kwai Fong Hotel @ Kau U Fong","","","",""
"1594278888-293","https://www.holidayhk.com/en-hk/","Attractions
                    Attractions","https://www.holidayhk.com/en-hk/attractions/","Hong Kong Maritime MuseumBUY 1 GET 1 FREEBuy One, Get One Free on Admission Ticket","https://www.holidayhk.com/en-hk/attractions/attraction0017/","","","","/media/offer/MaritimeMuseum_ENHK_Attraction_Offer_1_logo.png",""
"1594278819-169","https://www.holidayhk.com/en-hk/","Tours
                    Tours","https://www.holidayhk.com/en-hk/tours/","Ferry Nostalgia Travel LimitedTung Lung Island Travel Voucher","https://www.holidayhk.com/en-hk/tours/tours007/","","","• Unique experience on the  Coral Sea Ferry 
• Visit Tung Lung Isand to explore the famous Spring Rock, lighthouse, Tunglung Rock Carving etc.
• Enjoy seafood lunch or dinner at Lei Yue Mun","",""
"1594278911-340","https://www.holidayhk.com/en-hk/","Staycations
                    Staycations","https://www.holidayhk.com/en-hk/staycation/","Lan Kwai Fong Hotel @ Kau U FongWELLNESSFitness Retreat - With Personal Training","https://www.holidayhk.com/en-hk/staycation/staycation0031/","","","60 minutes personal training session for two persons.","",""
"1594278913-345","https://www.holidayhk.com/en-hk/","Staycations
                    Staycations","https://www.holidayhk.com/en-hk/staycation/","The Langham Hong KongLIMITED OFFERLangham Staycation Room Package","https://www.holidayhk.com/en-hk/staycation/staycation0187/","","","Luxuriate yourself in a staycation retreat with enticing privileges including, daily breakfast, HK$1,000 dining credits, complimentary car parking, Langham Limited Edition Octopus Card and more.

Book during 3-16 July 2020 for exclusive privileges below!
Complimentary access to The Langham Club to enjoy afternoon tea, evening cocktails with canapés, as well as fine wines and premium beverages throughout the day.","",""
"1594278905-326","https://www.holidayhk.com/en-hk/","Staycations
                    Staycations","https://www.holidayhk.com/en-hk/staycation/","Warwick HotelSeaside Escape Staycation Package","https://www.holidayhk.com/en-hk/staycation/staycation0182/","","","","/media/offer/WarwickHotel_HK_Hotel_Offer_1_logo.png",""
"1594278874-267","https://www.holidayhk.com/en-hk/","Shopping
                    Shopping","https://www.holidayhk.com/en-hk/shops/","ARTE MadridBUY 1 GET 1 FREEBuy one, get one free on selected jewellery collectionsQuality Tourism Services  Scheme Shops","https://www.holidayhk.com/en-hk/shops/shop0015/","ARTE Madrid","","","",""
"1594278828-187","https://www.holidayhk.com/en-hk/","Tours
                    Tours","https://www.holidayhk.com/en-hk/tours/","Jebsen Holidays LimitedYuen Long Pineapple Farm Tour - Hong Kong Residents Privilege","https://www.holidayhk.com/en-hk/tours/tours003/","Jebsen Holidays Limited","","","",""
"1594278830-195","https://www.holidayhk.com/en-hk/","Tours
                    Tours","https://www.holidayhk.com/en-hk/tours/","Eco Travel LimitedEcoJet．Hexagonal Geopark Tour","https://www.holidayhk.com/en-hk/tours/tours001/","","","","/media/offer/EcoTravel_HK_Tour_Offer_1_logo.png",""
"1594278888-292","https://www.holidayhk.com/en-hk/","Attractions
                    Attractions","https://www.holidayhk.com/en-hk/attractions/","Hong Kong Maritime MuseumBUY 1 GET 1 FREEBuy One, Get One Free on Admission Ticket","https://www.holidayhk.com/en-hk/attractions/attraction0017/","","Buy One, Get One Free on Admission Ticket","","",""
"1594278919-362","https://www.holidayhk.com/en-hk/","Staycations
                    Staycations","https://www.holidayhk.com/en-hk/staycation/","Hotel ICONAbove & Beyond Club Getaway","https://www.holidayhk.com/en-hk/staycation/staycation0106/","","","","","•  Offer is valid from now until 29 August 2020
•  Hong Kong residents are eligible for this offer
•  Offer includes:
- One night accommodation in CLUB 36 City Room
- Complimentary breakfast for two at The Market
- Afternoon tea with a selection of pastries, desserts and sandwiches from 3-5pm
- Evening cocktails crafted by talented bartenders with free-flowing wines, cocktails,   
 Champagne for two hours with hors d’oeuvres from 6-8pm
- Exclusive access to all-day refreshments including coffee, juices, tea, soft drinks and snacks until 11:30pm
- Unwind in the tranquil lounge for a friendly drink or to peruse the latest newspapers and magazines
- Complimentary Internet access via desktop computers
- Priority and personalised check-in on 28/F to cater your travel needs and preferences
•  The package also includes one of the following dining options:
- Buffet Lunch (weekdays) for 2 persons at The Market
- Buffet Brunch (Sat, Sun & public holidays) for 2 persons at The Market
- Buffet Dinner for 2 persons at The Market (with additional HK$400 supplement per room)
- Set Lunch for 2 persons at GREEN
- Dim Sum Set Lunch (weekdays, except public holiday) for 2 persons at Above & Beyond
- Peking Duck Set Dinner for 2 persons at Above & Beyond (with additional HK$400 supplement per room)
- Set dinner for 2 persons at GREEN (with additional HK$200 supplement per room)
- In-Room Dining Voucher HK$800 Credit per room per stay (The voucher is valid for 3 months from arrival date)
•  Value added options:
- 60-minute body massage (Angsana, Fusion, Javanese or Dream Massage) at Angsana Spa for 2 persons at HK$1,700 (Mon to Thu) or HK$1,900 (Fridays to Sunday and public holidays)
- Valet parking service at HK$200 per night per private vehicle
•  For enquiries, please contact email book@hotel-icon.com or phone at +852 3400 1688"
"1594278901-320","https://www.holidayhk.com/en-hk/","Attractions
                    Attractions","https://www.holidayhk.com/en-hk/attractions/","Monopoly Dreams Hong Kong16% Discount on Admission, Monopoly Dreams Special Edition & Monopoly Tutorial","https://www.holidayhk.com/en-hk/attractions/attraction0025/","","16% Discount on Admission, Monopoly Dreams Special Edition & Monopoly Tutorial","","",""
"1594278898-314","https://www.holidayhk.com/en-hk/","Attractions
                    Attractions","https://www.holidayhk.com/en-hk/attractions/","KKDayOver 30% Discount on The Peak - Explorer Pass","https://www.holidayhk.com/en-hk/attractions/attraction0014/","KKDay","","","",""
"1594278817-162","https://www.holidayhk.com/en-hk/","Tours
                    Tours","https://www.holidayhk.com/en-hk/tours/","Hong Thai Travel Services LimitedYuen Long Tai Tong Organic EcoPark Tour","https://www.holidayhk.com/en-hk/tours/tours014/","Hong Thai Travel Services Limited","","","",""
"1594278890-298","https://www.holidayhk.com/en-hk/","Attractions
                    Attractions","https://www.holidayhk.com/en-hk/attractions/","Hong Kong DisneylandBUY 2 GET 1 FREEBuy Two, Get One Free on 1-Day Ticket","https://www.holidayhk.com/en-hk/attractions/attraction0001/","","","","/media/offer/HKDL_ENHK_Attraction_Offer_1_logo.png",""
"1594278896-310","https://www.holidayhk.com/en-hk/","Attractions
                    Attractions","https://www.holidayhk.com/en-hk/attractions/","sky100 Hong Kong Observation DeckCafé 100 Twilight Dinner Package at HK$399 (19% Discount)","https://www.holidayhk.com/en-hk/attractions/attraction0004/","","Café 100 Twilight Dinner Package at HK$399 (19% Discount)","","",""
"1594278905-327","https://www.holidayhk.com/en-hk/","Staycations
                    Staycations","https://www.holidayhk.com/en-hk/staycation/","Warwick HotelSeaside Escape Staycation Package","https://www.holidayhk.com/en-hk/staycation/staycation0182/","","","","","• Offer is valid from 1 July to 31 July 2020
• Hong Kong residents are eligible to this offer
• Offer includes:
- One night accommodation in Ocean View Deluxe Bedroom / Ocean View Double
- Breakfast for Two (additional HK$80 for Balcony Breakfast)
- Seafood Dinner For Two (Steam Seafood Hotpot set OR Seafood Dinner set )
•  For enquiries, please contact sales@warwickhotel.com.hk or +852 3176 6312 / 2620 7224"
"1594278852-239","https://www.holidayhk.com/en-hk/","Dining
                    Dining","https://www.holidayhk.com/en-hk/food-and-drink/","LHGroup & Kabushikigaisha LimitedHK$50 cash coupon upon dine-in purchase at every HK$200","https://www.holidayhk.com/en-hk/food-and-drink/food1006/","","","","","Customers can receive one $50 cash coupon upon dine-in purchase at every $200 under the brands under LHGroup and Kabushikigaisha Limited (while stock lasts). Cash coupon can be used in all outlets under LHGroup and Kabushikigaisha Limited and the valid date is til 30th November 2020."
"1594278869-260","https://www.holidayhk.com/en-hk/","Shopping
                    Shopping","https://www.holidayhk.com/en-hk/shops/","Kee Wah BakeryPromotion price of HK$70 for Pineapple Shortcake Gift Box (9pcs)Quality Tourism Services  Scheme Shops","https://www.holidayhk.com/en-hk/shops/shop1012/","","Promotion price of HK$70 for Pineapple Shortcake Gift Box (9pcs)","","",""
"1594278886-289","https://www.holidayhk.com/en-hk/","Attractions
                    Attractions","https://www.holidayhk.com/en-hk/attractions/","Ocean Park Hong KongAdult ticket at HK$350. Kid & elderly go Free.","https://www.holidayhk.com/en-hk/attractions/attraction0021/","","","","/media/offer/HKOP_ENHK_Attraction_Offer_1_logo.png",""
"1594278898-317","https://www.holidayhk.com/en-hk/","Attractions
                    Attractions","https://www.holidayhk.com/en-hk/attractions/","KKDayOver 30% Discount on The Peak - Explorer Pass","https://www.holidayhk.com/en-hk/attractions/attraction0014/","","","","/media/offer/Kkday_ENHK_Attraction_Offer_1_logo.png",""
"1594278844-230","https://www.holidayhk.com/en-hk/","Tours
                    Tours","https://www.holidayhk.com/en-hk/tours/","Ho Ho Go Experience Limited40% OFFKaifong Special: Cultural Playground (aka Bloggers Playground)","https://www.holidayhk.com/en-hk/tours/tours012/","","","","/media/offer/Hohogo_EN_Tour_Offer_1_logo.png",""
"1594278892-301","https://www.holidayhk.com/en-hk/","Attractions
                    Attractions","https://www.holidayhk.com/en-hk/attractions/","Ngong Ping 36050% OFF50% Disount on Weekday Round Trip Cable Car Ticket","https://www.holidayhk.com/en-hk/attractions/attraction0016/","","50% Disount on Weekday Round Trip Cable Car Ticket","","",""
"1594278892-303","https://www.holidayhk.com/en-hk/","Attractions
                    Attractions","https://www.holidayhk.com/en-hk/attractions/","Ngong Ping 36050% OFF50% Disount on Weekday Round Trip Cable Car Ticket","https://www.holidayhk.com/en-hk/attractions/attraction0016/","","","","/media/offer/NP360_ENHK_Attraction_Offer_1_logo.png",""
"1594278898-318","https://www.holidayhk.com/en-hk/","Attractions
                    Attractions","https://www.holidayhk.com/en-hk/attractions/","KKDayOver 30% Discount on The Peak - Explorer Pass","https://www.holidayhk.com/en-hk/attractions/attraction0014/","","","","","•	  Offer is valid from 22 June to 31 August 2020
•  	Hong Kong residents are eligible to this offer
•  Offer includes one Peak Tram Sky Pass, one Monopoly Dreams™️ Admission Ticket, one Madame Tussauds Hong Kong Ticket and 10% discount from Tiny (applicable for The Peak shop only)
•	  For enquiries, please contact +852 3008 1724"
"1594278834-203","https://www.holidayhk.com/en-hk/","Tours
                    Tours","https://www.holidayhk.com/en-hk/tours/","Walk Hong KongWildlife Nightwalk - Tai Po Kau","https://www.holidayhk.com/en-hk/tours/tours005/","","Wildlife Nightwalk - Tai Po Kau","","",""
"1594278901-321","https://www.holidayhk.com/en-hk/","Attractions
                    Attractions","https://www.holidayhk.com/en-hk/attractions/","Monopoly Dreams Hong Kong16% Discount on Admission, Monopoly Dreams Special Edition & Monopoly Tutorial","https://www.holidayhk.com/en-hk/attractions/attraction0025/","","","","/media/offer/MonopolyDreams_ENHK_Attraction_Offer_1_logo.png",""
